iso_a3,game_t_per_year,game_protein_kg_extra
BOL,125000,16250000
BRA,125000,16250000
CMR,833333.3,108333329.00000001
CAF,833333.3,108333329.00000001
COL,125000,16250000
COG,833333.3,108333329.00000001
COD,833333.3,108333329.00000001
ECU,125000,16250000
GNQ,833333.3,108333329.00000001
GUF,125000,16250000
GAB,833333.3,108333329.00000001
GUY,125000,16250000
PER,125000,16250000
SUR,125000,16250000
VEN,125000,16250000
